"","baseMean","log2FoldChange","lfcSE","stat","pvalue","padj"
"ENSG00000258597",0.760404590755239,2.01616249417469,1.02004988469249,1.97653323080615,0.048094415902333,0.128744472031084
"ENSG00000135916",259.983901265943,2.17899385415428,0.297261785759188,7.3302185431917,2.2977771818027e-13,5.24886738550429e-12
"ENSG00000250567",1.53463903071085,2.12315405529411,0.879820165734926,2.41316821093843,0.0158145190914719,0.0515020679430387
"ENSG00000211947",326.932412857158,2.40829228181449,0.268775673657165,8.96023159032752,3.2399719743396e-19,1.32472630711462e-17
"ENSG00000211685",7.3740365342853,2.50703740192808,0.525614693486541,4.76972472991239,1.84477834665236e-06,1.57428253745545e-05
"ENSG00000229565",1.54219454294249,-3.81266165977465,0.75235189263165,-5.06765743146913,4.02741373492218e-07,3.86488421060088e-06
"ENSG00000204709",0.855797157501821,2.32492005907466,0.820049140285543,2.83509846527626,0.0045811563508186,0.0178638952845427
"ENSG00000256713",1.14939425867411,-2.3090875057515,0.52054936055553,-4.43586656851762,9.17026388846812e-06,6.85029406653861e-05
"ENSG00000276422",10.7062319711564,-3.06148408854108,0.299110315240482,-10.2353009326331,1.37766206172024e-24,9.33017079553129e-23
"ENSG00000240063",1.36724596020371,2.35957452950935,0.654070854112536,3.60752128714082,0.000309136182499736,0.00164588921269599
"ENSG00000235036",4.726735344984,-5.68885395946455,2.12618316302817,-2.67561800807524,0.00745916081701936,0.0271802343731802
"ENSG00000184828",0.944530019968637,-2.17891583083492,0.68482328119321,-3.18171985484849,0.00146403356786127,0.00658879392725854
"ENSG00000235890",2.05291694889971,-2.26445186276298,0.554016029768495,-4.08733997048645,4.36347464539227e-05,0.000280736042941779
"ENSG00000279976",1.58542750615511,-2.00351839322006,0.784450219505684,-2.5540414718509,0.0106480573092059,0.0368522982987565
"ENSG00000244247",0.512435486413467,-2.11515341676938,0.958354375018199,-2.20706814922112,0.027309298575802,NA
"ENSG00000236118",1.17164449016307,-2.2211494273595,0.508356285628166,-4.36927700149291,1.24658562456837e-05,9.05438900410976e-05
"ENSG00000169439",45.285595497819,-3.0249863036226,0.232575524429914,-13.0064688063691,1.12417966008706e-38,1.9751515433541e-36
"ENSG00000262332",7.13907374174209,-2.4399835469886,0.248893265507554,-9.8033329347537,1.08930777930708e-22,6.26036379258968e-21
"ENSG00000264660",3.07689018841137,-2.4452234671912,0.401325764214919,-6.09286441396205,1.10907995575977e-09,1.5571178721345e-08
"ENSG00000159450",2.25346168224003,2.57632591065414,0.812133778281744,3.17229252070386,0.0015124058418633,0.00677377165619387
"ENSG00000256075",0.671478859739628,2.28944147038712,0.89100589302855,2.56950205189469,0.0101844788675678,0.035451394966728
"ENSG00000237207",1.26053596179191,-3.17390272138105,0.367343889207196,-8.64014024632608,5.6144058680622e-18,2.00961742986389e-16
"ENSG00000236420",0.657274819678132,-2.65472706717015,1.34072748561386,-1.980064625851,0.0476962673808925,0.127812195673723
"ENSG00000158445",12.5739044558957,-2.66649490904572,0.321062417696112,-8.30522279181733,9.96323208212782e-17,3.1419435572224e-15
"ENSG00000147488",16.2140820034201,-3.08723759084957,0.270823204198779,-11.3994574430321,4.2073289264256e-30,4.32651312711732e-28
"ENSG00000088340",36.2885851116913,2.10293437743953,0.265210582653878,7.9293003936575,2.20383874281548e-15,6.16012998412251e-14
"ENSG00000181374",2.0368048294797,2.92955484767447,0.649748174241865,4.50875425866755,6.52093869544922e-06,4.99998259523634e-05
"ENSG00000259040",407.224297583473,3.53589435225999,1.2708741237619,2.7822537937852,0.00539828071440957,0.0205600070761738
"ENSG00000197121",2245.74310652682,2.00378651629814,0.132874876002777,15.0802512602629,2.18436110501826e-51,7.63210805636323e-49
"ENSG00000171987",1.00944507060041,2.76124573261391,0.546346872005623,5.05401581687008,4.32615757327828e-07,4.12453850870038e-06
"ENSG00000187944",14.9736197662006,2.35178196077255,0.250122114527278,9.40253509857506,5.32639794137186e-21,2.63297037786753e-19
"ENSG00000280403",4.63434795984599,2.76066609662041,0.404945467544269,6.81737744433109,9.27174393034458e-12,1.74466530371056e-10
"ENSG00000278272",17.7708634729177,3.30928787106872,0.900165154785548,3.67631190062796,0.000236630185963262,0.00129253301257993
"ENSG00000128342",6.519021119314,2.52724352522774,0.376862163436794,6.70601554207657,2.00010429351753e-11,3.58166608694138e-10
"ENSG00000143891",1148.35399766781,2.29906583802881,0.172402072918129,13.3354883680581,1.43909197116304e-40,2.83639492547115e-38
"ENSG00000279906",2.19550992930017,-2.39106517548776,0.615437807509662,-3.88514508909208,0.000102268794140128,0.000605985471849394
"ENSG00000157168",75.4084361825649,-2.11548559057253,0.255270132851846,-8.28724287850907,1.15903803860206e-16,3.62532477852467e-15
"ENSG00000121380",69.2721735647911,3.10769564935105,0.175932307997474,17.6641555193812,7.91890516394817e-70,9.73930308303657e-67
"ENSG00000236384",0.541312173945668,-2.43355631795617,0.98560312588295,-2.46910369300632,0.0135451961853212,NA
"ENSG00000236389",2.43072249704102,2.8761166334292,0.711579953006582,4.0418741720828,5.30256855929827e-05,0.000335193411786069
"ENSG00000224808",0.78154836343437,-2.32675707224499,0.69501014664727,-3.34780302628569,0.000814548829819209,0.00391571808481101
"ENSG00000107593",20.3966465285896,2.60868794708488,0.271366375399786,9.61315838501242,7.03570571602014e-22,3.74916540122134e-20
"ENSG00000179044",3.52705461150547,2.13287590304976,0.438060738674043,4.86890450284523,1.12218618717125e-06,1.00011184628853e-05
"ENSG00000126709",4608.27783695109,2.03118440519059,0.230367821659738,8.8171359635059,1.17424619864316e-18,4.55290641484e-17
"ENSG00000233056",2.07643789722272,-2.48028331314652,0.797561916347461,-3.1098316786555,0.00187193984630226,0.00818261792070736
"ENSG00000281756",2.69811974359631,2.68233005922492,0.395067881927184,6.78954220763333,1.12489918560638e-11,2.10001671280142e-10
"ENSG00000187323",37.4491470900168,4.15282325145102,0.434751308139851,9.55218115206943,1.26993954625508e-21,6.66328177964246e-20
"ENSG00000134809",155.949237167337,2.37048099940339,0.215883534063297,10.9803696223926,4.74976394131887e-28,4.20867411826315e-26
"ENSG00000141434",26.695305447756,2.1539902942871,0.194713264457071,11.0623706109246,1.9098204032044e-28,1.72203073129987e-26
"ENSG00000136514",1154.20149733687,2.48670513409357,0.197816455223245,12.5707698648588,3.05732151250225e-36,4.63071253915796e-34
"ENSG00000254103",0.786772766787398,2.67442854751507,1.02983411120948,2.59695082771545,0.00940553876058716,0.0331262428719099
"ENSG00000203814",856.829944950742,2.23546932878484,0.166004973030319,13.4662792805403,2.47002791081801e-41,5.13148298472442e-39
"ENSG00000227466",61.8116606383672,2.59321839210372,0.166737268858997,15.5527220149965,1.52484792102634e-54,6.33574311186444e-52
"ENSG00000161905",71.7694349424265,-2.31970214655582,0.30294793668005,-7.65709835154185,1.90180990402447e-14,4.90561653683224e-13
"ENSG00000255221",427.982136459021,3.48379323030089,0.16303622715027,21.3682154647132,2.64033069694451e-101,1.62364495877906e-97
"ENSG00000129538",19.5314550428513,2.41095013971013,0.266876354675838,9.03395935034632,1.65570237107075e-19,6.99284076968576e-18
"ENSG00000279057",2.40021640122177,-4.71130542725335,2.22310492048493,-2.11924564776082,0.0340697123791205,0.0971294804377206
"ENSG00000224192",1.26582023704009,-2.70316271732734,0.493024365936094,-5.48281769440525,4.18604335612054e-08,4.67689953018307e-07
"ENSG00000250325",0.709387387660836,-2.07547547058577,0.953229814514664,-2.1773085975521,0.0294575501371164,0.08638352828478
"ENSG00000126785",1.47678030832474,2.85930713747233,0.853499961943763,3.35009638542987,0.000807834448330884,0.00388830397351748
"ENSG00000253541",0.855907065952387,2.33098807946581,0.98195394083292,2.37382628913185,0.0176048307044257,0.0562970077658843
"ENSG00000233975",11.48389418135,2.44195772399013,0.294443729986404,8.29346145052191,1.09999597933014e-16,3.44766323919101e-15
"ENSG00000206597",1.85280931487694,-3.04555542362906,0.956785271500281,-3.18311277811948,0.00145700851689637,0.00656005870098298
"ENSG00000172818",1.17375853254293,3.57197035805161,1.00010230511624,3.57160496459053,0.00035480029714064,0.00186652419869781
"ENSG00000220999",0.967053812257129,3.44815588380058,1.34082690056209,2.5716637116656,0.0101211150383726,0.0352787579735678
"ENSG00000223549",298.520349828467,2.25383408843889,0.146836613533523,15.3492649701046,3.58222124257304e-53,1.37678195681742e-50
"ENSG00000163666",348.25868818512,4.27795211238292,0.200730886707298,21.3118777212445,8.80907797058784e-101,4.51421200602774e-97
"ENSG00000268189",5.66301537569782,-2.31465125401266,0.75807618275081,-3.05332274866301,0.00226322380212259,0.00966169472587214
"ENSG00000198763",4.48710423344132,-3.49299093212317,0.771364683480365,-4.52832623391953,5.94527430991203e-06,4.5929484725343e-05
"ENSG00000243466",594.612945541271,2.65015371108498,0.310371182105266,8.53865907623521,1.35788360900743e-17,4.67011715057622e-16
"ENSG00000163803",397.289112839028,-2.01948160193143,0.170121311236374,-11.8708325679754,1.6778943680717e-32,2.04723087837701e-30
"ENSG00000200135",3.13002871859302,2.48343274947988,0.700301076419864,3.54623580214368,0.000390776365386586,0.00203716529442885
"ENSG00000200138",2.83084728125683,3.88027485864267,1.5538730125302,2.49716342799748,0.0125191245132145,0.0423227621119084
"ENSG00000177098",2.11386175935161,-2.11833780348098,0.525805855421498,-4.02874517588411,5.60753600338431e-05,0.00035309217590837
"ENSG00000086205",0.953412472520121,2.73820105961529,1.10438266494233,2.47939518297154,0.0131605404555914,0.0440252210539596
"ENSG00000274267",28.2808178314944,2.9190125379002,1.45879903163177,2.00096961583193,0.0453956643750634,0.12270597736616
"ENSG00000137869",12.3762110539505,2.08891931003058,0.34332208095188,6.08443041076452,1.16906164107907e-09,1.63535660956588e-08
"ENSG00000260804",19.7852415221827,25.3573887123241,1.86980574987405,13.5615096456047,6.77276691556075e-42,1.45623961085837e-39
"ENSG00000211675",17.7650337060174,3.82212602217702,0.976641460710756,3.91354061437802,9.09525941820934e-05,0.000545555874622869
"ENSG00000211677",1172.94141478949,3.17216585967587,0.997036479928101,3.1815945790716,0.00146466690958949,0.00659067956521995
"ENSG00000211679",756.832654292504,3.10568613315108,0.737656570058166,4.21020602162628,2.55137919282186e-05,0.000172829381012764
"ENSG00000216588",1.48582284895716,-2.72152874575655,0.4415412293862,-6.1637024237574,7.10634329464355e-10,1.02197725575494e-08
"ENSG00000230552",20.4858368850885,2.05439958497092,0.314611228158226,6.52996270030676,6.5786072510543e-11,1.0915943720894e-09
"ENSG00000238272",1.3544678087643,3.83343112893628,1.1029936866334,3.47547875875593,0.000509942375114135,0.00258434122426806
"ENSG00000223351",0.56620053123042,-2.10004421289347,0.858376816006189,-2.44652951213716,0.0144238988208674,NA
"ENSG00000226025",31.2893551876171,2.17258558614324,0.177521311582153,12.2384493826693,1.93697801980295e-34,2.67068444730409e-32
"ENSG00000231528",63.3233183222961,2.46625487219164,0.171140220853926,14.410726244748,4.43027227187906e-47,1.30978443791794e-44
"ENSG00000145087",104.070300459597,2.26249911445251,0.225381703612519,10.0385216643062,1.03209306578856e-23,6.55656311855392e-22
"ENSG00000225492",1842.25032888473,4.47515263440404,0.191459521005444,23.3738839985753,7.88007099444639e-121,1.21144271433122e-116
"ENSG00000135114",3943.51470822858,2.34883144458878,0.174350719100107,13.4718770115319,2.28970281949173e-41,4.78921718305525e-39
"ENSG00000165029",12413.9913712977,2.05642656360248,0.110305538899385,18.6430036435273,1.4392766563246e-77,2.95022929013416e-74
"ENSG00000104044",1.13340161610509,-2.24941620687321,0.616665173125832,-3.64771079169442,0.000264587219394043,0.00143053854572116
"ENSG00000211896",2540.61992705537,2.80796015565855,0.335541522970582,8.36844313871919,5.83844652419192e-17,1.88565877394253e-15
"ENSG00000228331",3.48584573001619,-5.2492527041065,2.08702198837287,-2.51518802070649,0.0118968918261649,0.040513205557547
"ENSG00000160505",1.76535348947698,-2.25482859351544,0.643979998793815,-3.50139538143851,0.000462828645889062,0.00236624415948636
"ENSG00000278677",53.5126606990412,2.76602049253846,1.05309611634209,2.62656033918935,0.00862526987274818,0.0307800804059179
"ENSG00000258373",1.67772048324402,3.71321434362564,1.17106945922422,3.17078915719096,0.00152025443323492,0.00680245906639465
"ENSG00000213500",1.32725603034595,2.03089361833713,0.996883203550352,2.03724329099357,0.0416256675770813,0.114365508086187
"ENSG00000170439",7.06306516683197,4.60517261184966,0.448484724403523,10.2682931240846,9.79217966784713e-25,6.69066996105101e-23
"ENSG00000273325",0.963812086770584,-2.19443286852965,0.966625761850512,-2.27019903165897,0.0231955097408148,0.0708596928028283
"ENSG00000236950",1.24598718135205,3.56783903679675,0.846020183859786,4.2172032120076,2.47351052289194e-05,0.000168072990159908
"ENSG00000186834",45.3805609167377,4.28479206913783,1.67130406831565,2.5637417812643,0.0103550550607914,0.0359840504016899
"ENSG00000171722",2.05681153001568,2.37952194295194,0.624794305301667,3.80848852616068,0.000139818832881612,0.000806871181420971
"ENSG00000123610",3347.79347941695,2.56896842746037,0.151759934752391,16.9278435158256,2.80468688321953e-64,2.00548157205467e-61
"ENSG00000277150",20.64759164589,2.5456957731404,0.84998844137831,2.99497693052437,0.00274465599320134,0.0114427034336219
"ENSG00000162949",3.3345407331993,-3.11775048839851,0.53200133142404,-5.86041858213594,4.61701867652622e-09,5.91744365348694e-08
"ENSG00000233729",0.895981210919272,-2.40138112473686,0.887576450514866,-2.70554848919646,0.00681916919847064,0.0251190841434499
"ENSG00000136689",770.391139210806,2.81068229709094,0.173677908076763,16.1833034967732,6.61480656557527e-59,3.69791740857714e-56
"ENSG00000163568",3384.51367270861,2.22000979180917,0.121951899924645,18.2039787258823,4.79920085383442e-74,7.02671565013557e-71
"ENSG00000109321",25.0925086210134,2.05543417406231,0.279082309931519,7.36497477954325,1.7718036165553e-13,4.11462581557597e-12
"ENSG00000227375",0.824208665199209,2.29936693847679,1.02370226383714,2.24612860565345,0.0246957715585267,0.0746617051040931
"ENSG00000010030",391.837668862299,2.35703492445023,0.164900823991158,14.2936515864628,2.39703732847957e-46,6.7001551580692e-44
"ENSG00000105976",89.009182900571,2.10923602269877,0.276951293981575,7.61590961491987,2.61840874367062e-14,6.6316485701516e-13
"ENSG00000176868",37.6202173321039,2.75252272453173,0.792173255730692,3.47464737621423,0.00051152528892508,0.00259150898971485
"ENSG00000184979",2669.86970933693,3.32377465671928,0.159878108785152,20.7894294095375,5.39485015336701e-96,2.36964939522251e-92
"ENSG00000254632",0.884730245326651,2.77287244948654,0.784445959841832,3.53481640729672,0.00040805856875024,0.00211863843521845
"ENSG00000273891",1.62412388325334,-2.80570880582432,1.31450712876736,-2.13441885891885,0.0328085091889042,0.0942945627249239
"ENSG00000168078",148.861427251818,2.00342048191927,0.193829598488103,10.3359884019067,4.84392404307299e-25,3.37723656581327e-23
"ENSG00000267695",0.595644330534944,2.47100261227855,0.854690531436255,2.89110797580288,0.00383886201196254,0.0153160779640483
"ENSG00000228271",1.29224389253102,2.14041756575726,0.684261950709975,3.12806749452663,0.00175959769260772,0.00773553764006428
"ENSG00000231635",2.03607111514967,4.33343358630196,0.740612332091609,5.85114964810759,4.8818672469592e-09,6.23868546310285e-08
"ENSG00000084734",1.21691184729534,2.54550792976605,0.744191648737623,3.4205005311253,0.000625060136753591,0.00310029424500124
"ENSG00000074410",40.1636870720811,2.85489274292802,0.226207072971744,12.6207050266931,1.62361158100668e-36,2.49605926406063e-34
"ENSG00000142089",207.998985562049,2.23712626746871,0.300973561839906,7.43296605121312,1.06189162407893e-13,2.51734631962643e-12
"ENSG00000118785",36.8880620328134,-2.9529790373042,0.305073001412618,-9.67958168579537,3.68219493997344e-22,2.01452754126981e-20
"ENSG00000158163",58.4048392668936,2.3854436543277,0.26700830349452,8.93396805682731,4.10996052652235e-19,1.6627494251182e-17
"ENSG00000268845",4.35720288307505,-2.47693770828504,0.422599789779141,-5.86119010986622,4.59561465436363e-09,5.89492548092276e-08
"ENSG00000224666",3.45180663819403,2.74422456438078,0.344972510753649,7.95490793856465,1.7926475624544e-15,5.05674629383352e-14
"ENSG00000124102",39.8086806598753,-3.60362415283406,0.30936040318085,-11.6486276710966,2.33183665566763e-31,2.57902811697168e-29
"ENSG00000108387",150.811393626308,3.48441245169397,0.188596419828231,18.4754962732988,3.25222920518032e-76,5.55534952064885e-73
"ENSG00000227788",2.03480247137128,-2.97067605833941,1.13217278602573,-2.62387163426476,0.00869365434941394,0.0310025272884981
"ENSG00000171658",28.8251351241897,2.59475720649523,0.214379484829263,12.1035704911865,1.01115531057971e-33,1.33433443495255e-31
"ENSG00000279862",11.8885772038836,-6.60186939597477,2.01495439108156,-3.27643614425987,0.00105126081741692,0.00491905590520742
"ENSG00000277575",2.77203278343438,-2.9364090045174,0.321582890721178,-9.13111079365025,6.78000130491432e-20,2.99088522413487e-18
"ENSG00000249310",4.43550825168752,2.99308300298617,0.421835079126934,7.09538668330028,1.28990309052594e-12,2.70536496073676e-11
"ENSG00000232529",1.52975040230418,2.68139754699683,0.650977222732226,4.11903435844145,3.80463420369576e-05,0.00024826207101238
"ENSG00000231140",1.77451199258041,-2.89325980552581,0.476881618307716,-6.06703989932127,1.30289198472379e-09,1.81431249340137e-08
"ENSG00000258169",2.30928237470951,3.27858250379395,0.687585794042102,4.76825224168781,1.85831023798434e-06,1.58451095084039e-05
"ENSG00000226625",17.7491163875015,-3.84179016536223,0.283645633754503,-13.5443303480826,8.55908662779503e-42,1.82754330933899e-39
"ENSG00000277350",2.59421142522689,-2.7360705718684,0.426776561497017,-6.41101414349232,1.44554783769032e-10,2.27114253272684e-09
"ENSG00000233086",0.927565887029896,2.06642474816318,1.00803820422237,2.04994685668415,0.0403696170332131,0.111642796808797
"ENSG00000272405",2.47896327487752,3.14298924331323,0.754803393219522,4.1639839878133,3.1274205681545e-05,0.000207865975376235
"ENSG00000261324",1.75854556059959,4.16775574218862,2.05368934582092,2.02939931040185,0.0424176353022679,0.116166510580625
"ENSG00000088827",1249.25850866275,2.71459978779672,0.187645117078465,14.4666689443434,1.96773498472326e-47,5.87397549274621e-45
"ENSG00000165621",1.47410686237946,-3.06423685484177,0.872526887995839,-3.51191109064869,0.000444896808283101,0.00228749868967901
"ENSG00000204683",6.07847701630349,-2.13798744794942,0.724269608184889,-2.95192207955196,0.00315802611796153,0.0129122113097026
"ENSG00000263798",2.06811937260719,-3.35876399707144,0.735968682169964,-4.56373223269271,5.02521648229233e-06,3.94561622014919e-05
"ENSG00000267593",1.75457389613075,3.48832311558704,0.650391833084978,5.36341777085517,8.16618359169227e-08,8.74862881162934e-07
"ENSG00000138135",1.12706621243875,2.88285881479252,1.16777361283999,2.46867953094222,0.0135612606777718,0.0451753068320095
"ENSG00000173239",137.767032240227,3.56145552738171,0.206375145762386,17.2571920626637,9.8799933634168e-67,8.43833766513823e-64
"ENSG00000189013",9.64809022109458,2.1236003531267,0.260285342924898,8.15873967109795,3.38538412825454e-16,1.02149564074036e-14
"ENSG00000250006",1.72513028494542,2.69532219770904,1.03484777798641,2.60455910042494,0.00919925539050829,0.0325376171047922
"ENSG00000211955",268.522296486531,2.01465084118617,0.276408464805789,7.28867273511941,3.13023379625158e-13,7.04577588091854e-12
"ENSG00000270972",29.0447223580947,2.05400385886192,1.04425121937728,1.96696333291024,0.049187438145635,0.131088338447069
"ENSG00000223806",2.54992452364947,2.45512058578375,0.595654037470047,4.12172239478392,3.760501950409e-05,0.000245851910417235
"ENSG00000268053",3.91463848576682,-2.21048568257803,0.458225047836853,-4.82401757174361,1.4069501420943e-06,1.23071112429512e-05
"ENSG00000131482",1.48362923087152,2.59906725340295,0.579856151858135,4.48226210082329,7.38559555304682e-06,5.60703472764273e-05
"ENSG00000229859",5.58077653782791,-2.49279514154587,0.378066121217253,-6.59354277373455,4.29452948981268e-11,7.38087748592904e-10
"ENSG00000237529",11.348245924169,2.00206374078004,0.234838700958783,8.52527174016105,1.52451491460554e-17,5.17947625186482e-16
"ENSG00000182912",4.02690528808454,-4.15463527717709,0.431152816011659,-9.63610841188322,5.6281275396351e-22,3.02531534023008e-20
"ENSG00000132681",3.73427969029628,-2.3168049203206,0.627036863224199,-3.69484643758849,0.000220019719913159,0.00121074868502905
"ENSG00000171759",4.09094213342423,2.83770578239997,0.505592277108997,5.61263672504279,1.99266648880876e-08,2.33314990599402e-07
"ENSG00000253545",1.20854762717664,2.81222582566352,0.619025689580773,4.54298726692275,5.54626028498339e-06,4.31114294372761e-05
"ENSG00000253567",1.87614727181227,2.7971778353803,0.536529155234163,5.21346847248123,1.85342042482653e-07,1.88699065570005e-06
"ENSG00000106714",810.501265624465,-3.62624078088236,0.228802375660564,-15.8487899018234,1.43313987256152e-56,6.6764775244923e-54
"ENSG00000246876",1.51283207725185,3.89811708939064,0.916711843119865,4.25228180332447,2.11603351711285e-05,0.000146370489427827
"ENSG00000157601",27250.7407310853,2.10187211671622,0.132211718348844,15.8977747431614,6.56557872604486e-57,3.20431506491589e-54
"ENSG00000159189",7.4270287890661,3.25938058731714,0.392773182878402,8.2983786302086,1.05541849325446e-16,3.31809329367024e-15
"ENSG00000232884",49.461924320694,2.84994970582579,0.171989798238569,16.5704578702545,1.13954777481453e-61,7.29951571504629e-59
"ENSG00000134326",6247.26702030798,2.44032018688434,0.15659555966112,15.5835848230007,9.41247975980271e-55,4.07613401654442e-52
"ENSG00000134321",32756.8739461285,2.96179504325696,0.201834815166026,14.6743516019307,9.41108623144749e-49,2.98312029235377e-46
"ENSG00000233980",1.89146132264212,3.40220890538865,1.43428582140767,2.37205782460401,0.0176893220575179,0.0565319182312132
"ENSG00000105366",53.3255252227896,-2.61304332361254,0.344521544696874,-7.58455708745767,3.33624754829343e-14,8.39440289422078e-13
"ENSG00000263080",35.0967457686069,3.60499346716213,0.237632577949944,15.1704513676635,5.54938812278615e-52,2.03127424537269e-49
"ENSG00000227723",0.638252293098158,2.20158440171777,0.715180269100674,3.07836289231836,0.00208141283049814,0.00898403122904267
"ENSG00000204033",0.573184271596174,-2.09446475208966,1.00390993134325,-2.08630743326469,0.036950783780239,NA
"ENSG00000226751",105.917654956294,2.44491135568373,0.172941888118143,14.1371843587918,2.24071746812282e-45,5.8385881349468e-43
"ENSG00000154451",53302.0492970672,2.07793036688432,0.148121245090057,14.0285775050091,1.0422111310969e-44,2.6052736299054e-42
"ENSG00000254602",45.8558657326933,4.09059820427368,0.236168637118998,17.3206665126011,3.28530446533971e-67,2.97097812928824e-64
"ENSG00000171848",728.12263637513,2.09159699397536,0.205982408495028,10.1542505947825,3.17237982096242e-24,2.11586035477509e-22
"ENSG00000173372",55.8510944873362,2.57467491005267,0.25433691742306,10.1230876592327,4.36426293915234e-24,2.88576328150789e-22
"ENSG00000163016",315.095250030496,4.98454770793467,0.209295148154233,23.8158779689507,2.28694233665515e-125,7.0316616025136e-121
"ENSG00000248871",13.9863932369845,-2.49922414370204,0.587489522529155,-4.25407440960449,2.09915494354913e-05,0.000145333747014873
"ENSG00000164683",10.5384466931462,-3.62778763611256,0.372328649874705,-9.74350922856294,1.96643813118474e-22,1.09731530343988e-20
"ENSG00000276386",61.1438232282173,-3.46565594936344,0.235222327631005,-14.7335330972493,3.92630431899396e-49,1.27075872522218e-46
"ENSG00000211653",74.4585665630139,2.37278999310336,0.29625056290315,8.00940247961342,1.15267098720928e-15,3.32157215030213e-14
"ENSG00000233030",1838.37618831526,2.06883509712696,0.1554943619178,13.304888174792,2.16817274593288e-40,4.21929160881002e-38
"ENSG00000223387",182.945881607702,3.10367122459145,0.216098939778576,14.3622695593583,8.92556353113258e-47,2.56480655973583e-44
"ENSG00000264932",2.19979199011028,2.97669918615517,1.06116900286807,2.80511320827305,0.00502989100559528,0.0193494328413968
"ENSG00000168658",33.282856319824,5.85698292263946,0.362479256129491,16.158118909147,9.95533888454087e-59,5.46601436933889e-56
"ENSG00000152766",1132.23120091722,3.59169333107238,0.186889199447109,19.2183033674391,2.60137867323585e-82,7.99845900659825e-79
"ENSG00000272566",0.995690380005432,-2.50039571979675,1.038496330789,-2.40770780374069,0.0160530234473782,0.0521757200778581
"ENSG00000275649",2.79144612582517,-4.00506103451626,0.510378562123083,-7.8472360160582,4.2530640500269e-15,1.15724743669183e-13
"ENSG00000231944",0.642396856932588,2.33002044553037,1.03857423516703,2.24347992337365,0.0248658830879659,0.0750958950305163
"ENSG00000274516",0.748036275263883,-2.47760128051288,0.583681535434958,-4.24478269415628,2.18805361122839e-05,0.000150809424757766
"ENSG00000223815",3.23331277642217,2.00853831127009,0.346002624502764,5.80497998868226,6.43736918674993e-09,8.09528795030676e-08
"ENSG00000259459",11.49948277198,2.55613163331329,0.277233517926865,9.22013922568919,2.96714702719949e-20,1.35467038114035e-18
"ENSG00000215874",2.38045218924008,2.30553198138208,0.737062292161047,3.12800153515155,0.00175999262041755,0.00773616770550086
"ENSG00000232964",1.81311352956208,-2.11324959774937,0.538511800426784,-3.92424009292752,8.70039328620651e-05,0.000524943077651082
"ENSG00000242779",180.546691061513,2.13060824902545,0.304621018161673,6.99429166734208,2.66602416950459e-12,5.35416362767849e-11
"ENSG00000170279",0.803674309975127,2.79032997228592,0.843928075495704,3.30635992960294,0.000945165925379571,0.00447781459285758
"ENSG00000187608",99.3145446504518,2.42647915506269,0.247163438525872,9.81730619032759,9.48440856296864e-23,5.47124033931701e-21
"ENSG00000239473",1.19507125412271,2.48972029631438,0.760110804186359,3.27547021118775,0.00105486238417969,0.00493365587562717
"ENSG00000187855",0.932735191998907,-2.54351091954852,0.983550497618136,-2.58605015777852,0.00970828019000681,0.0340443078241491
"ENSG00000187546",13.2032405380957,-2.61789866835272,0.256456429290819,-10.2079666148048,1.82652372534638e-24,1.22620360225382e-22
"ENSG00000214128",1.261439171936,-2.45613662458321,0.714344537905442,-3.43830811919545,0.000585361225952243,0.00292509371271796
"ENSG00000269837",12.8900908014824,3.89210646620566,1.50208916812404,2.59112877504238,0.0095661687736126,0.0335996106102658
"ENSG00000109511",71.6994695050499,2.01689799345863,0.143119182871755,14.0924364783853,4.2272141689993e-45,1.07416656243158e-42
"ENSG00000223914",52.4492098027742,2.54248700047719,0.172575851201177,14.7325769091142,3.98226397375678e-49,1.27544448334479e-46
"ENSG00000151364",92.8950974349572,4.58440347517363,0.332350271055125,13.7938911878102,2.77385055696305e-43,6.41260023119872e-41
"ENSG00000124657",8.17870997542986,3.17431138590078,1.18873439265442,2.67032854901472,0.00757770597872858,0.0275371381311863
"ENSG00000178075",608.066267328059,-2.32692015780358,0.132663403007696,-17.5400306719751,7.0889123446298e-69,6.81133712063539e-66
"ENSG00000237989",13.5254041551256,2.30566928119531,0.254488637040264,9.06000876113978,1.30440078667668e-19,5.63292289156569e-18
"ENSG00000144730",9.93126070473033,2.92716124240484,0.323403686878854,9.05110659267575,1.41526712849737e-19,6.06061537603182e-18
"ENSG00000105996",1.45826154212571,3.24399419626743,1.42761619330442,2.27231535442222,0.0230674700729741,0.0705646987882949
"ENSG00000225886",204.460937097716,2.1471132160066,0.163840934698361,13.1048642999965,3.08814076454747e-39,5.55269380628895e-37
"ENSG00000154277",46.5705194441285,3.18462795980781,0.351191407460877,9.06806912741047,1.21144693910973e-19,5.24624775166294e-18
"ENSG00000158270",8.98335065712369,-3.30481608202541,0.316674068876262,-10.4360173655922,1.69785154838381e-25,1.22832568372134e-23
"ENSG00000277639",1.57167678296856,2.88580395663171,0.6339412974412,4.55216274484685,5.30972355408127e-06,4.14571026199433e-05
"ENSG00000131203",1884.39669946147,3.36853346240809,0.220853493036835,15.2523440589018,1.58827303409442e-52,5.95544280235378e-50
"ENSG00000060656",6.36342343760204,2.84817815417022,0.339229857394656,8.39601259171206,4.61896132703184e-17,1.50603609673646e-15
"ENSG00000259713",0.950036555684568,2.5839170875647,0.881857083116424,2.93008599356408,0.00338868212254368,0.0137383714691259
"ENSG00000165949",1663.8262374804,2.94057876029329,0.204832117840794,14.356043335835,9.76448948691823e-47,2.7798959097618e-44
"ENSG00000229057",4.64279734499569,2.61706170455475,0.451650423561473,5.79444093933978,6.85491410675207e-09,8.5957603605345e-08
"ENSG00000157445",111.061854462045,-2.08914805270639,0.168439614114518,-12.4029496486856,2.51877946189007e-35,3.63591136688891e-33
"ENSG00000213492",172.847091260584,2.35573027946482,0.179190364071011,13.1465232055183,1.78180901998159e-39,3.26102868674845e-37
"ENSG00000241015",6.946924839941,2.15925887461242,0.57100342539915,3.78151649984065,0.000155875888443645,0.000890673841660796
"ENSG00000281450",1.7245453997237,2.48410922350531,0.721962786126022,3.44077183927275,0.000580057436981154,0.00290201021579437
"ENSG00000196141",2350.652911197,3.26440947304265,0.163117302549599,20.0126499274965,4.27317602261134e-89,1.64234178959039e-85
"ENSG00000084628",1.25353143830403,3.24694892229135,0.797139922747053,4.07324840926537,4.63619293837147e-05,0.000296482995582586
"ENSG00000179626",1.24914008436102,2.58034916078595,1.02305740202378,2.52219392155473,0.0116625395297991,0.0398209997693208
"ENSG00000146950",1.35909442519245,-2.12381685035921,0.902761719382288,-2.35257743517573,0.0186438074582287,0.0591214055196119
"ENSG00000228318",712.826672941769,2.1424538685407,0.165430547941818,12.9507753869872,2.32592798565544e-38,3.97307265416376e-36
"ENSG00000166920",41.0614955828165,2.62831509185129,0.22434907276174,11.715292867034,1.06422845684456e-31,1.20300854274263e-29
"ENSG00000154736",66.2340421835275,-4.96498508937314,0.301024188785668,-16.4936416219637,4.07623859285042e-61,2.55779812274228e-58
"ENSG00000108702",3.68671545366311,3.32725961995673,0.485292189627929,6.85619857700105,7.07170606918747e-12,1.34884458132325e-10
"ENSG00000108700",276.653097795492,5.13326036047698,0.312699043252896,16.4159771871302,1.46995040655409e-60,8.69164714429204e-58
"ENSG00000135333",1.86888484470034,3.73185825759088,0.72353125920385,5.15783970646588,2.49815337925357e-07,2.48337284034625e-06
"ENSG00000225476",107.851173347302,-2.00678894835802,0.222937202531093,-9.00158845439057,2.22475125425611e-19,9.31940419817613e-18
"ENSG00000222881",0.935945551023624,2.20697666062593,0.737903215555818,2.99087551605741,0.00278178868346938,0.0115802405430047
"ENSG00000242103",0.676890184162578,2.65797697814394,1.15130984785529,2.30865477533728,0.0209627457907054,0.0652027116440702
"ENSG00000166278",177.946889761267,2.85491950525874,0.192144313556586,14.858204504803,6.15528489609354e-50,2.01336749681051e-47
"ENSG00000196371",136.945758486979,2.56754906962599,0.61645576592931,4.16501752685434,3.11328646648075e-05,0.000207060824107471
"ENSG00000270588",1.15908646804833,-2.17758143295821,0.90558385178587,-2.40461601503149,0.0161894665996029,0.0525137176429992
"ENSG00000082175",2.40789827139355,2.66755681476165,0.668549131343874,3.99006847768914,6.60542220379473e-05,0.000410213929509345
"ENSG00000260823",17.7857281633911,2.07687848674923,0.210040915466597,9.88797102762351,4.69445781920162e-23,2.81365486485365e-21
"ENSG00000224607",16.1040546069225,2.20112262089986,0.284238947922806,7.74391629643115,9.64004839968467e-15,2.54641381567959e-13
"ENSG00000250447",1.59426056046253,2.4453228111617,0.758561958438569,3.22362963757789,0.00126576990739289,0.00579146240217398
"ENSG00000270437",9.1660240184082,-2.52794803138666,0.349890606244569,-7.22496685040939,5.01224087993839e-13,1.1015823469297e-11
"ENSG00000259641",7.48448973021127,-2.22107168682016,0.279562619443304,-7.944809256842,1.94489824140018e-15,5.45820477810512e-14
"ENSG00000227394",1.66573797122345,2.77809291284139,1.13511029959815,2.4474211130186,0.0143882618604769,0.0474520956155834
"ENSG00000126262",889.51095473407,2.20435408488303,0.348411751754502,6.3268649056254,2.50192210764004e-10,3.81013368219951e-09
"ENSG00000124233",13.7879272292895,-4.15702920572429,0.316185140359139,-13.1474527898513,1.76004258705202e-39,3.24048080383764e-37
"ENSG00000271390",0.784765874916929,-2.5002133961234,1.18352517580494,-2.11251390949327,0.034642394196143,0.0984244773931629
"ENSG00000275676",2.70540809528506,-3.1214727658638,0.467418172762055,-6.67811597357988,2.42033480918262e-11,4.26464380389329e-10
"ENSG00000100095",26.0265822418023,-2.59379156828732,0.196318522139705,-13.2121591993317,7.46518803512551e-40,1.39550098373387e-37
"ENSG00000203808",0.868828673118384,3.29770107633374,1.09592461200862,3.0090583240846,0.00262058802786672,0.0109820389931604
"ENSG00000226496",1.83896713166327,-3.852779228234,0.553271230757528,-6.9636355806154,3.31601720735657e-12,6.59492762448851e-11
"ENSG00000122643",16055.5711317826,2.20026735978242,0.119732666230141,18.3765001570519,2.02627532265326e-75,3.27904670240105e-72
"ENSG00000095739",59.8208956954875,2.03381346703231,0.203125660296347,10.0125875975744,1.34195829177487e-23,8.40350134362563e-22
"ENSG00000278863",2.35349431164943,4.73175812478702,1.73953309659593,2.72013112831629,0.00652560331784927,0.0241913100089114
"ENSG00000223720",1.13629153572203,2.00599983702243,0.742019152590079,2.70343404212724,0.00686270666839562,0.02524828326277
"ENSG00000117010",855.520751938631,2.37818011758534,0.143018908660528,16.6284314420986,4.33802809350793e-62,2.83790105938486e-59
"ENSG00000079393",3.72861561678042,2.34025750165618,0.476075477642229,4.91572788677615,8.84531893139642e-07,8.02026013517091e-06
"ENSG00000275598",3.58860090104185,-2.17947962477746,0.447097158236296,-4.87473379024606,1.08955282126829e-06,9.73851180102795e-06
"ENSG00000261147",62.9641867526486,2.60857663405782,0.357476949469481,7.29718835837982,2.93843304868664e-13,6.63835422101162e-12
"ENSG00000255337",17.5099585568552,2.44203926191795,0.234687304275656,10.4055022041142,2.34018860461697e-25,1.67334369828274e-23
"ENSG00000178965",133.069876617193,2.81938266840566,0.264726404305398,10.6501755115939,1.74036617590784e-26,1.3547098433073e-24
"ENSG00000130558",23.8399203853223,-2.73434798032392,0.267079816052188,-10.2379431764683,1.34055920302793e-24,9.11906500342915e-23
"ENSG00000236054",0.510762036200618,-2.08691466434282,0.959219753838376,-2.17563770553297,0.0295823615995806,NA
"ENSG00000169248",150.422006595327,3.43550581623081,0.198670247570508,17.2925028193341,5.35747790347399e-67,4.70646780280328e-64
"ENSG00000169245",3825.25841675262,4.66730892346852,0.217466121540568,21.4622346248901,3.51021198792913e-102,2.69821219982143e-98
"ENSG00000117228",25869.5091518067,2.46930790056047,0.142297499559603,17.353136268752,1.86763656076839e-67,1.74012791921048e-64
"ENSG00000226004",141.278447668218,4.12717406013656,0.215825798573091,19.122709552903,1.63394616489014e-81,4.18657856098975e-78
"ENSG00000115267",17333.994413305,2.17580066484417,0.124005625139109,17.5459835987551,6.38379355486088e-69,6.33169356230024e-66
"ENSG00000115884",53.8703867107658,3.40941780770407,0.328086119276671,10.3918380186909,2.70097188062466e-25,1.90912143479463e-23
"ENSG00000120217",4564.14431535581,2.77186723801667,0.173006864042691,16.0217182905106,9.01249474821264e-58,4.61845293372157e-55
"ENSG00000224110",0.9018116379749,2.86822009016436,0.887495975039099,3.23181194149979,0.0012300798118208,0.00565086866488184
"ENSG00000108679",68.2292628517938,2.11255376664629,0.197685837962106,10.6864193632891,1.17832653075122e-26,9.36175861524746e-25
"ENSG00000273901",0.832869365123893,2.23399818739219,0.867894017940924,2.57404491932361,0.0100517222208711,0.0350876465869779
"ENSG00000183010",14.4717120079069,2.19117006351148,0.394414280375991,5.55550387633699,2.76812071443793e-08,3.17817056037428e-07
"ENSG00000115380",1.45998159994261,3.20226441362579,1.05796723757207,3.02680867601787,0.00247150335755169,0.0104482103546154
"ENSG00000263644",0.628775609422642,-2.28460907166586,0.81338913512238,-2.80875287487351,0.00497338068666187,0.0191624731795479
"ENSG00000185507",225.418228470739,2.43005577809567,0.233576314897144,10.4036908843508,2.38511797639916e-25,1.7015132812145e-23
"ENSG00000164692",2.70900104181794,2.56832109662622,0.840502130175397,3.05569849786135,0.00224536920260281,0.00958999400922749
"ENSG00000017427",4.26069368236743,2.09834034542323,0.424968941284158,4.93763223985859,7.90767838880883e-07,7.2470160185009e-06
"ENSG00000279923",2.245806096831,4.66516764422504,2.21081021571555,2.11016197187017,0.0348444068386889,0.0989252979749924
"ENSG00000250532",4.79604168173482,2.00687312371065,0.353881970069008,5.67102393862933,1.41946560086594e-08,1.70153250798538e-07
"ENSG00000002549",7627.53938321644,2.08624510412468,0.116863611993899,17.8519649404092,2.79043353565782e-71,3.73032434438569e-68
"ENSG00000111199",2.13619019842832,2.00576923847475,0.542089745452542,3.70006858698334,0.000215541205553007,0.00118959710054538
"ENSG00000227212",1.34716242671857,3.51574645408858,1.38242079406198,2.5431811132978,0.0109848274095403,0.0378389523147138
"ENSG00000242795",0.83688634545739,-2.57385066885391,0.61628090371744,-4.17642450598144,2.96126960109762e-05,0.000197935122662932
"ENSG00000254287",68.2617733963663,3.10900556181502,0.265337354171682,11.7171800838995,1.04079015854687e-31,1.18085516623028e-29
"ENSG00000253398",0.838042166605225,-2.45325014678249,0.543145194891004,-4.51674832044644,6.27964673473893e-06,4.83063042664543e-05
"ENSG00000227555",1.75987519257512,3.73717282472535,0.734522695008315,5.08789292709744,3.62063679022722e-07,3.50515489260442e-06
"ENSG00000253838",26.6866590022454,3.06509688573186,0.265223512128801,11.5566559734091,6.83177211051094e-31,7.29362837089861e-29
"ENSG00000273428",0.745125008994424,2.29590137947877,1.04141426641575,2.20459950810988,0.0274822103190946,0.0815396623256973
"ENSG00000226377",1.64141860798435,2.43658470456455,0.594288843496675,4.10000075086078,4.13148797791445e-05,0.000267320835136649
"ENSG00000250612",3.18440081706231,-2.04146276073868,0.527663014048748,-3.86887598028631,0.000109338235519415,0.000644521228434709
"ENSG00000170965",0.787210272721853,2.25544406726348,0.857817219977502,2.62928280610015,0.00855651701684829,0.030563107425306
"ENSG00000078098",333.718382170617,4.15358273807309,0.226258160186554,18.3577146329149,2.86409332978132e-75,4.40311388053931e-72
"ENSG00000214651",224.768946130558,2.48940915802992,0.141839789668964,17.550852012964,5.85943920860924e-69,6.04997409708007e-66
"ENSG00000236841",36.6546744440241,3.95745970576501,0.324683231118829,12.1886790769205,3.57163681101015e-34,4.83775845938894e-32
"ENSG00000168702",12.7863757439502,-2.67464904758432,0.321030762577836,-8.33144159178774,7.98638363542922e-17,2.54200142482963e-15
"ENSG00000211973",28.8232312160769,2.12912510950465,0.314031608438759,6.77997071724664,1.20200243044137e-11,2.22906928400367e-10
"ENSG00000280091",3.99427254119995,5.49602297674816,2.09994944438524,2.61721680559654,0.0088650014719723,0.0315112370241309
"ENSG00000124785",54.8184946295076,2.21751092484836,0.268340884184326,8.26378332764651,1.41126674701732e-16,4.38305239096378e-15
"ENSG00000158481",256.240535806824,-2.1046954948452,0.1248666898157,-16.8555400799979,9.55314278894621e-64,6.6756927575393e-61
"ENSG00000275379",23.5662862573029,2.2759822382263,0.992346007801928,2.29353695216415,0.0218171104719227,0.0674181603698701
"ENSG00000278784",5.34828665263448,5.91726251009284,2.89644916493444,2.04293677297346,0.0410586974956012,0.113117943432176
"ENSG00000276368",22.9473143808799,3.03097811103934,1.23345091446549,2.45731554899596,0.0139979672986784,0.0464188417312839
"ENSG00000137563",362.291832695107,2.04487987723762,0.188724081674592,10.8352885285912,2.34225864087418e-27,1.98395114134871e-25
"ENSG00000034239",2.51244320480194,-3.36395722530068,0.530267725951502,-6.34388453354287,2.24042774338752e-10,3.43230851150653e-09
"ENSG00000230709",18.8539204737474,2.43429401055148,0.338553983071793,7.19026841292625,6.46640718677397e-13,1.40304524595687e-11
"ENSG00000137959",55896.9202212186,2.33514002190779,0.147027351255543,15.8823511541683,8.39709288099304e-57,4.03414710643583e-54
"ENSG00000215397",15.097347618465,-2.29793703342097,0.245082122642664,-9.37619198268258,6.83984873070051e-21,3.32235116781752e-19
"ENSG00000228587",2.86381433169775,2.73559877366829,0.402121153904808,6.80292182369463,1.02518287524594e-11,1.92203035763335e-10
"ENSG00000267172",1.60336673107822,2.0350265521579,0.708533515333423,2.87216695910321,0.00407667524300602,0.0161216120510233
"ENSG00000229183",3.68787122665577,-2.89442705405057,0.432401523021987,-6.69384102493874,2.17387579196417e-11,3.85245873057766e-10
"ENSG00000253297",2.69920668525739,2.18110443383882,0.691274560791542,3.15519267965156,0.00160392142223221,0.00712655664297308
"ENSG00000270909",12.6749908301214,-3.63984047212199,0.27697556655536,-13.1413774774046,1.90722905156795e-39,3.46991548216329e-37
"ENSG00000258529",5.41349781800021,-2.36837974113496,1.14788466167486,-2.0632558480913,0.0390883265322678,0.108709581980295
"ENSG00000149131",536.653592004042,2.76203953931485,0.154237813417062,17.9076678936457,1.02751387953552e-71,1.43604405700358e-68
"ENSG00000077522",2.19366473040281,2.34875097718451,0.62993599068852,3.72855498320921,0.00019258089366769,0.00107620587742647
"ENSG00000249485",10.056650750119,24.4047311054155,1.4385674432638,16.9646068522491,1.50100902744546e-64,1.12564694065526e-61
"ENSG00000236922",1.6170456689521,-3.14373667374275,1.01232915057491,-3.10544912389158,0.00189990301544909,0.00828482740263978
"ENSG00000184313",7.08464849713769,-2.02669872370254,0.427805859406448,-4.73742628610661,2.16449549423643e-06,1.8223368828392e-05
"ENSG00000189337",20.8413060755639,-2.0362430571783,0.263259802101343,-7.73472835930509,1.03624119853378e-14,2.73487623444791e-13
"ENSG00000121858",29962.7210639669,2.40591644380947,0.172254499596911,13.9672197210493,2.47085514983349e-44,6.02947486443891e-42
"ENSG00000226926",4.42308812586243,2.17650442180198,0.544608989710172,3.9964533507981,6.42985449894298e-05,0.000400605342004052
"ENSG00000184678",590.949554278219,2.25126255512055,0.827013848297503,2.7221582319994,0.00648570800458673,0.0240608185348731
"ENSG00000089685",105.39915745988,2.20578541789618,0.221231489293003,9.97048577915057,2.05222608622889e-23,1.25947695555448e-21
"ENSG00000241832",7.89697320991825,2.27034619130338,0.409411150178154,5.54539413573726,2.93292747125616e-08,3.35361550608825e-07
"ENSG00000074771",3.30213928016478,2.35846528867874,0.395239508101488,5.96718000183612,2.41389068875745e-09,3.2255496309094e-08
"ENSG00000246375",18.9288952683363,2.38591895015731,0.217656442607779,10.9618576944987,5.8290368475918e-28,5.13539816483969e-26
"ENSG00000271474",5.01614387729312,3.59891661439514,0.797387176943661,4.51338661876854,6.38005640335785e-06,4.9041898558511e-05
"ENSG00000164270",15.133202542812,2.30187813139014,0.260115926251805,8.84943173053467,8.79660537523658e-19,3.44108429354197e-17
"ENSG00000229922",22.7752734035644,3.86234687522094,0.273772034541161,14.107894115972,3.39567454525666e-45,8.7736811128577e-43
"ENSG00000204421",0.999268555276537,2.65453019155586,0.685660646533176,3.87149270557912,0.000108170894956981,0.000638864868851767
"ENSG00000277840",3.07934019701312,5.12069122552765,2.06547050174675,2.479188747163,0.0131681602839326,0.0440423609539949
"ENSG00000147573",2.81187317164041,2.97521377862705,0.591805505141014,5.02735062918707,4.97302573611781e-07,4.68604420191279e-06
"ENSG00000119915",21.9889968936112,2.48731648091833,0.227076254376939,10.9536617456683,6.38146061444691e-28,5.60602198606854e-26
"ENSG00000119917",50546.9259524717,2.90152990307148,0.257382857252337,11.2732057373457,1.7796988597722e-29,1.74825561793661e-27
"ENSG00000187979",4.26351425202433,2.38978156050343,0.243178300645929,9.82728127532639,8.59065954725709e-23,5.00259486930897e-21
"ENSG00000228952",0.734823925507366,2.53468292480564,0.715181109120366,3.54411336161153,0.000393935825967103,0.00205259190662778
"ENSG00000135903",3.92201800927031,4.96804984416305,0.555243629438358,8.9475134531275,3.63579668937265e-19,1.47921154140617e-17
"ENSG00000188282",183.367859673395,3.32058303201245,0.186953359451324,17.7615585072008,1.40284632070861e-70,1.79722149261781e-67
"ENSG00000228742",1.25257686022844,2.7642437195337,0.864563921220965,3.1972693420169,0.00138735317075752,0.00627954481691176
"ENSG00000254709",426.323116403065,2.26560549518764,0.37327806456984,6.06948468241361,1.28321329727607e-09,1.78771904174659e-08
"ENSG00000252019",1.35654349914313,3.93837024838483,1.5905265389594,2.47614242951364,0.0132810584314303,0.0443668734888294
"ENSG00000233785",61.1181370445398,3.83765234310091,0.206283496383707,18.603777860942,2.99442441983087e-77,5.75434797728374e-74
"ENSG00000179603",1.84321265236477,2.46957875971758,0.656214458791829,3.76337145064493,0.000167637916822407,0.000951516158120462
"ENSG00000253557",1.50830311327016,2.56717691878276,0.580090105937588,4.42547958068253,9.62282593025299e-06,7.15187403619745e-05
"ENSG00000108688",6.53359493567699,4.87757735961033,0.535629493583732,9.10625239655113,8.52767926154385e-20,3.75108089062502e-18
"ENSG00000066405",74.9638478433865,3.00023646679865,0.266329922316955,11.2651122363492,1.95103193339362e-29,1.90439297955725e-27
"ENSG00000259225",8.28850977185636,-2.40311129554639,0.306213467092094,-7.84783020279003,4.23296773761643e-15,1.15279945995122e-13
"ENSG00000252835",14.4627207010918,-4.89566219928864,0.98512987700678,-4.96956017024235,6.71049449007508e-07,6.20161028212619e-06
"ENSG00000183549",0.908071126564182,-2.55088125171624,0.702596188194039,-3.63065057081089,0.000282707719028579,0.00151902738144195
"ENSG00000164045",192.313646914428,2.52202804007195,0.20660230885253,12.2071629019023,2.84642589302859e-34,3.87252464305089e-32
"ENSG00000254829",0.567148233454254,2.30675961455463,1.05000712454057,2.19689901205571,0.028027659433579,NA
"ENSG00000136099",1.4957839661105,-2.3693986345432,0.855213115946355,-2.7705358937594,0.0055964131613346,0.0211932982205021
"ENSG00000137491",4.37074931211058,2.44263972243007,0.39697848723393,6.15307831779479,7.59932537180715e-10,1.08930749280631e-08
"ENSG00000087116",7.5135989843503,3.01758520126465,0.533461580021365,5.65661204906976,1.54390199996563e-08,1.83922335501524e-07
"ENSG00000276903",10.1009797447671,6.67407679272642,1.96766263528095,3.39188063698404,0.000694146727337261,0.00340614896671541
"ENSG00000169385",811.178685092998,2.2435803151562,0.237709996816002,9.43830863324117,3.78845046672031e-21,1.92216974422854e-19
"ENSG00000261716",10.8587878550336,-25.1896880005276,2.89618500931861,-8.69754104778479,3.39153074598013e-18,1.24736119433793e-16
"ENSG00000228928",0.836711793790153,2.33089456674985,0.937653578538366,2.48588030814461,0.0129231422303518,0.0434022778980478
"ENSG00000179577",1.39613677284519,2.47713901941915,0.811299580657534,3.05329754689569,0.00226341389763089,0.00966169472587214
"ENSG00000197153",48.3843643969489,8.5720507794937,1.14059363328381,7.51542927239954,5.67244966516578e-14,1.38972756856456e-12
"ENSG00000176046",36.3657064082275,2.70435731562664,0.229430807322857,11.7872457809079,4.54151078096656e-32,5.35010850507199e-30
"ENSG00000104892",6.6482769272964,-2.54573035512926,0.435260816098911,-5.84874691442648,4.95290007606233e-09,6.32420343183922e-08
"ENSG00000204616",4.33911467803833,2.91808066233087,0.466373078814763,6.25696635351864,3.92538057945687e-10,5.85039634883957e-09
"ENSG00000102794",30.9277296688761,3.43950216869031,0.273233369110502,12.5881482920166,2.45361742870886e-36,3.75330224281151e-34
"ENSG00000134873",1.3401933428375,-2.10325248461849,0.780722159728339,-2.69398333121522,0.00706036955526992,0.0258804461988417
"ENSG00000179165",48.6028178322932,2.90522511550768,0.190419996582259,15.2569329253856,1.48045207668157e-52,5.61968641996646e-50
"ENSG00000141316",0.912329716258583,2.56629157177227,1.02216852272939,2.51063451349466,0.0120514398298532,0.0409623723688368
"ENSG00000250741",9.45685649888788,-4.84726667194539,1.26313722748339,-3.83748223587935,0.000124302223216177,0.000725359737564582
"ENSG00000153823",213.941996307832,-2.12449382434444,0.164573479143306,-12.9090898205688,4.00001117811358e-38,6.7206745187682e-36
"ENSG00000153822",1.80316916062704,-2.35510897895854,0.57446695463238,-4.09964221608822,4.13789334643301e-05,0.000267678953761363
"ENSG00000077063",3.6790341851816,-2.71081520983389,0.438102041969457,-6.18763427270872,6.10738197084953e-10,8.8853505529882e-09
"ENSG00000158488",15.0763078306676,-2.90614645977239,0.252796127684481,-11.4960086073771,1.38157750434739e-30,1.44487631041392e-28
"ENSG00000183347",415.512224606332,3.45334357195319,0.184687534265744,18.6983035194147,5.11049273019755e-78,1.12237371410989e-74
"ENSG00000253470",13.6823614746451,2.72918991004936,0.28756521393851,9.4906816880603,2.29528286197707e-21,1.18610188499511e-19
"ENSG00000170476",271.54515007979,2.01532165873378,0.26938431844602,7.48121371859889,7.36393086935023e-14,1.78282505858198e-12
"ENSG00000140986",7.03767432868368,-2.38980575999198,0.473082480785069,-5.05156258592826,4.3821030172095e-07,4.17528730926993e-06
"ENSG00000162772",113.053660968038,2.24522235053984,0.197004094805232,11.3968308768383,4.33617657822044e-30,4.42938276579879e-28
"ENSG00000162771",1.25942870378401,3.67047112513689,0.832950476699521,4.40658986075708,1.05010754838219e-05,7.7540001897472e-05
"ENSG00000227589",3.83163040325759,2.48390699091996,0.490455910877355,5.06448578930696,4.09504181898954e-07,3.92488312993988e-06
"ENSG00000107984",6.72456479632487,3.70534410253146,0.433489017099898,8.54772314030174,1.25540418110214e-17,4.32734443456812e-16
"ENSG00000248831",1.81069900810121,-2.9630528099405,1.18170015438911,-2.50744894881754,0.0121606146581843,0.041283252610709
"ENSG00000249763",22.2090673133946,-2.5439185621743,0.265423939352411,-9.58435990506744,9.30327096769315e-22,4.91490846123129e-20
"ENSG00000261453",1.0994893864994,-2.30515166883292,0.554486877252003,-4.15727001558104,3.22073240669187e-05,0.000213698444774611
"ENSG00000164825",24.620315124206,5.81520760484733,0.43896292692975,13.2476053171979,4.65831213997582e-40,8.78706278330285e-38
"ENSG00000144278",0.718289161651902,-2.34703988380335,1.18436733156898,-1.98168238961315,0.0475147994188868,0.127446780727989
"ENSG00000108691",224.532362469674,3.81931044239845,0.275537443117618,13.861311911674,1.08669767571849e-43,2.59013127405553e-41
"ENSG00000254675",0.841258942336264,2.87563555535039,0.49049542132802,5.86271640938989,4.5535555486667e-09,5.84341287374187e-08
"ENSG00000125148",104.008549262406,2.08162261580855,0.309532758517087,6.72504786175528,1.75534734015839e-11,3.16735121290199e-10
"ENSG00000253959",1.59775495544497,2.63943511568098,0.624866793122441,4.22399644969418,2.40007831529206e-05,0.000163589465662347
"ENSG00000271904",0.92167087219054,2.22568325405444,0.966858878975846,2.30197322737731,0.0213366820378063,0.0661596372142428
"ENSG00000163873",1.39402073683614,-2.82237226642071,0.738301518528365,-3.8227908186434,0.000131949712624623,0.000765916143868091
"ENSG00000116031",0.975918256327492,-2.43782373624137,0.993839414225023,-2.4529352542758,0.0141695840132663,0.046871672905422
"ENSG00000267052",4.28480690269163,2.83012131100462,0.376418208283124,7.51855582096584,5.53845985079753e-14,1.36015195712837e-12
"ENSG00000267659",4.36766582145849,2.66303183681727,0.306302221190317,8.69413165359524,3.49492259818163e-18,1.28385167414923e-16
"ENSG00000107562",4.97351870589192,2.06988098379013,0.409399999754484,5.05588906944659,4.28390302276062e-07,4.08678765872854e-06
"ENSG00000255355",25.027806988006,2.86872089386377,0.205229361310855,13.9781212373341,2.12011133282046e-44,5.2570212217928e-42
"ENSG00000211595",5.32785172418973,2.36320598748806,0.656495026786278,3.5997317436761,0.000318545632006955,0.00169217735786418
"ENSG00000223923",1.10137559513,2.72796379059345,0.66827776106129,4.08208075974454,4.46342801482463e-05,0.000286686904474228
"ENSG00000007306",2.90498742547646,2.10437035906452,0.501723533992283,4.19428274037647,2.73736371336179e-05,0.000184371789911796
"ENSG00000140505",0.746668586944816,2.01657742280449,0.595038946470679,3.38898392242274,0.000701521235858961,0.0034352083833342
"ENSG00000177294",122.961866686704,2.89173044563432,0.164725672311029,17.5548255779722,5.46345636657369e-69,5.9994604608229e-66
"ENSG00000255120",0.885748255432709,2.9280220892475,0.875977100068197,3.34257834938784,0.000830039193085284,0.00398271146532354
"ENSG00000279400",11.5568439999236,-2.83631810921967,0.978318419992329,-2.89917684391745,0.00374143803222955,0.014990617041564
"ENSG00000094804",424.326034408335,2.27420746660295,0.170989436653822,13.3002804799411,2.30601649972062e-40,4.45931379351634e-38
"ENSG00000101890",3.02147264228175,2.14570363525595,0.461759813500092,4.64679595868626,3.37130326758537e-06,2.73676512558705e-05
"ENSG00000113594",12.8385449577095,2.2644163320711,0.338051749801273,6.69843103430839,2.10669103743029e-11,3.74418666635081e-10
"ENSG00000114019",0.950292936719219,3.10946221379395,0.811666542378454,3.83096019294104,0.000127644157313301,0.000743168889398232
"ENSG00000258588",49.9886963081847,4.14577703492394,0.670929544901247,6.17915408023081,6.4445975815585e-10,9.34679442642354e-09
"ENSG00000253666",7.76117480754973,2.45717053567713,0.374531791801612,6.56064609056923,5.35751374826857e-11,9.05593596580614e-10
"ENSG00000279512",1.61211889133578,-2.513432515767,0.593185075295492,-4.23718097511969,2.26343692590048e-05,0.000155412896741095
"ENSG00000186103",1.55408323134032,2.82808471775863,0.669303401633005,4.22541512691929,2.38500703550006e-05,0.000162634312088091
"ENSG00000274641",51.146936599921,3.37944973674422,1.14568088656936,2.94973039732179,0.00318051333721847,0.012992061057454
"ENSG00000267589",2.74820816092086,-2.42360602344238,0.430205260971021,-5.63360387079421,1.76482139795814e-08,2.08543287943962e-07
"ENSG00000213759",145.132869928643,-2.10590802049513,0.200368410324442,-10.5101798087093,7.75455576310069e-26,5.78711956427322e-24
"ENSG00000100336",151.938812249387,2.78412307656193,0.2150877863159,12.9441244630827,2.53638370873377e-38,4.30862927582525e-36
"ENSG00000112837",0.75132212012452,2.52523125360471,0.94773639063797,2.66448695919004,0.00771058559103442,0.0279638328812851
"ENSG00000211662",141.856297983869,2.44420734871015,0.348080838223258,7.02195317957274,2.18787859968607e-12,4.43738148446883e-11
"ENSG00000115155",226.386270497949,2.98537231387444,0.214038356287821,13.9478379747037,3.24287508709399e-44,7.85107718920306e-42
"ENSG00000225976",1.33354125297265,3.44717875343467,1.38516947303699,2.48863321097938,0.0128235186983965,0.043133540226931
"ENSG00000227531",13.9522003124268,2.76852180349189,0.268577351878581,10.3080985203231,6.47701138129906e-25,4.45522749308282e-23
"ENSG00000251691",5.92674015397847,-2.00298407549476,0.472014944746375,-4.24347596996321,2.20083949610664e-05,0.000151520850843688
"ENSG00000116663",216.355803986926,2.06586873756416,0.176197948250514,11.7247037100963,9.52336664783771e-32,1.08449983081876e-29
"ENSG00000181013",10.6963625268409,2.16769773874116,0.310614969852617,6.9787291313413,2.97862119400716e-12,5.95472469779833e-11
"ENSG00000131142",2.48791584544071,2.4743387596447,0.616834567749294,4.01134905372289,6.03727721088313e-05,0.000377830576843117
"ENSG00000228526",25.6772624979825,2.24629112936922,0.226849129389202,9.90213687580562,4.07474039011439e-23,2.45178165899897e-21
"ENSG00000271454",1.9866415579463,2.55766126466951,0.973249169195095,2.62796141586719,0.00858982581744536,0.0306678326067107
"ENSG00000125968",4.38250931251652,2.51985988292253,0.449096810672825,5.6109502963233,2.0121855778259e-08,2.35421118574631e-07
"ENSG00000161133",266.361638185648,3.30954561943817,0.17237307512427,19.1998989230319,3.70812880488648e-82,1.0364894214895e-78
"ENSG00000253796",4.62011339534787,2.42904938394759,0.490479338763589,4.952398994157,7.33041076857494e-07,6.74410951230921e-06
"ENSG00000116147",10.9939691739912,-2.61492355067117,0.283364336211778,-9.22813218356755,2.75392042339255e-20,1.26004153657814e-18
"ENSG00000175894",3.5400681435496,-3.1355756220374,0.390547728354285,-8.02866178546293,9.85416018793567e-16,2.85566317906181e-14
"ENSG00000232186",2.26627725147095,-4.39057251239139,1.88987750755878,-2.32320480815862,0.0201681526067256,0.063121965411135
"ENSG00000204345",5.91432321518493,-2.09736840472275,0.450543014806102,-4.65520124782177,3.23664407311049e-06,2.6369129654459e-05
"ENSG00000197790",1.15636982376462,2.22892639072741,0.998751610872957,2.23171243626753,0.0256339747756707,0.0770296933568753
"ENSG00000216775",146.891555295196,2.63403838405336,0.280082245666285,9.40451751158764,5.22694632812598e-21,2.58796970613348e-19
"ENSG00000228600",2.61538845149945,-2.29640634577675,0.854692249132199,-2.68682247687208,0.00721352795179566,0.0263789657390415
"ENSG00000205808",40.2466373558351,26.3486532569238,2.22010414121351,11.868205985383,1.73140666682313e-32,2.104172363036e-30
"ENSG00000137757",1496.24141835266,2.10058783664516,0.171992638935793,12.2132426692362,2.64147502691038e-34,3.6096636734406e-32
"ENSG00000221955",34.0320956080395,2.04291931624957,0.161376726812756,12.6593180850666,9.93586455929334e-37,1.55866340614588e-34
"ENSG00000177614",0.918705004951833,-2.27856253330984,0.918571003742697,-2.48055133901014,0.0131179371746293,0.0439125981827246
"ENSG00000254227",3.75143308492033,2.25400849047002,0.276675554071915,8.14675694074563,3.7381398397242e-16,1.12023962623782e-14
"ENSG00000230013",9.63351324337594,3.14783201315101,0.316444587150909,9.94749836453939,2.58602107206064e-23,1.56955903509195e-21
"ENSG00000224852",5.87032551087822,2.03021732536005,0.910257286294778,2.23037745034054,0.0257223953074301,0.0772274668994779
"ENSG00000231007",1.70109899841656,2.04650919140468,0.697679893807789,2.93330682103403,0.00335372285491879,0.013602020395751
"ENSG00000214216",1.18043263936751,2.6494068005186,0.802664708130835,3.30076403469672,0.000964219395670391,0.004556848103086
"ENSG00000133328",65.6253807406763,2.04561437368797,0.22802455612175,8.9710266669514,2.93763320076695e-19,1.20753219283398e-17
"ENSG00000248642",1.12517882644632,-2.68156319305357,0.839814409134134,-3.19304261023375,0.00140782170909122,0.00635815130573263
"ENSG00000261863",2.88195806650165,-2.47828057338599,0.510168361140238,-4.85777002683385,1.18715177952344e-06,1.05294821110174e-05
"ENSG00000186417",25.6904379925645,2.76568838813617,0.289211512958725,9.56285716236639,1.14549781364629e-21,6.03092830071617e-20
"ENSG00000115507",3.20315917045514,-3.16362074188037,0.479932374743925,-6.59180523832835,4.34510373270214e-11,7.45529600833664e-10
"ENSG00000154864",16.1649923264525,2.67475908564744,0.422380421670639,6.33258301856884,2.41090486884643e-10,3.68246855451670e-09
"ENSG00000185338",43.7362145557037,2.74790089647102,0.199709451376836,13.7594934918025,4.46645078239415e-43,1.02485046422592e-40
"ENSG00000185339",95.0923829543239,2.76667304086478,0.213567360018631,12.9545687160408,2.2137676357685e-38,3.80260969256839e-36
"ENSG00000205300",5.49318181639713,3.50402142311642,0.318433688509307,11.0039281318503,3.6584046150679e-28,3.2604338173766e-26
"ENSG00000130707",2.6044118717817,3.03664617840339,0.799709345624179,3.79718730938834,0.000146347206478332,0.000841859224993318
"ENSG00000067221",157.851289969819,2.59998287196078,0.151606076852466,17.1495953588386,6.32916327888568e-66,5.259534684754e-63
"ENSG00000267325",30.6099876006672,2.0054641166787,0.158836620122024,12.6259556211787,1.51886321552052e-36,2.34675815515625e-34
"ENSG00000123689",80.2851344099999,2.21786263268613,0.242504509432088,9.14565522051554,5.92694671150222e-20,2.62587652072851e-18
"ENSG00000255328",96.903287682188,2.06525314541301,0.175763289860782,11.7501962272602,7.04550501905498e-32,8.11341358879713e-30
"ENSG00000282024",5.20409883569446,2.02320490321645,0.334918226046992,6.04089221149935,1.53264344238647e-09,2.10940859100523e-08
"ENSG00000234756",5.50647862305942,4.93602251964422,0.422433889342385,11.6847219036528,1.5257813378732e-31,1.70593450165772e-29
"ENSG00000227297",2.53913927136718,2.56480644583738,0.457581399914166,5.60513702331103,2.0809027533508e-08,2.43090869898469e-07
"ENSG00000147697",21.7507520117947,2.48345625472465,0.264664334196753,9.38341866977222,6.38675835913403e-21,3.10717815297934e-19
"ENSG00000224038",8.02774062510881,-3.2391703518162,0.285493546472171,-11.3458619007065,7.77562869916484e-30,7.83859854469579e-28
"ENSG00000136999",241.273284454859,-2.72410938022164,0.189311244222669,-14.3895804573421,6.01597381130845e-47,1.76164901691715e-44
"ENSG00000227094",0.602080375606079,2.06532286985162,0.831347881391781,2.48430640900173,0.0129804064523705,0.0435660470681187
"ENSG00000232113",0.706713308013117,2.92930530572902,0.862460281289516,3.39645241558167,0.000682654255441193,0.00335403809396778
"ENSG00000167751",0.958056927853181,2.18075819353942,0.872639137056423,2.49903780490012,0.0124531025386781,0.0421227220854495
"ENSG00000179615",0.737906123361971,2.56809249896601,1.06959770082362,2.40098917283434,0.016350820282123,0.0529421515600713
"ENSG00000132688",4.61587358764949,3.07904671683551,0.634881607868529,4.84979668441288,1.23588087577124e-06,1.09288551300944e-05
"ENSG00000215837",0.723398365863642,-2.69632169930466,1.3025217828715,-2.07007800926019,0.0384450398465526,0.107324281837839
"ENSG00000197748",176.476651384935,2.67124801146791,0.306178234447448,8.72448695214619,2.67390118669301e-18,9.97748055670508e-17
"ENSG00000183831",49.1155894171304,2.49341642984245,0.228726985211208,10.9012779036108,1.13649780146635e-27,9.81570165777695e-26
"ENSG00000210082",756.59088439523,2.69909696910151,0.904515203941454,2.98402609192207,0.00284482511549399,0.011791566166904
"ENSG00000144035",223.589126497878,5.57685865128985,0.240873086071149,23.152684852647,1.3659826231281e-118,1.39999559044399e-114
"ENSG00000231134",2.5634778057226,3.33893422230174,0.515649452692677,6.47520171866006,9.46853601729242e-11,1.53225829959837e-09
"ENSG00000224789",40.9396928362043,3.49021167430616,0.287561795955236,12.1372578812572,6.70350644642246e-34,8.96142229165875e-32
"ENSG00000138646",27302.4532828646,2.1641163956669,0.161080964208288,13.4349605262392,3.77269454587484e-41,7.63151573697458e-39
"ENSG00000215765",9.11404657006753,2.2568965715341,0.292283459861734,7.72160207971306,1.14876547259799e-14,3.01117578738027e-13
"ENSG00000167858",8.78882674566666,3.30704060396584,0.295773547540837,11.1809883996108,5.05241118429262e-29,4.76522965286642e-27
"ENSG00000182168",15.5444102739159,2.13738729746424,0.361930349981006,5.90552104175958,3.51533912075232e-09,4.57798102269257e-08
"ENSG00000249173",32.5076209664898,2.690685618717,0.303648430469175,8.86118730980941,7.91667238974866e-19,3.120691358559e-17
"ENSG00000133101",68.4363696654467,2.9340467406063,0.218129483167173,13.4509406890111,3.03980390338665e-41,6.23099004116195e-39
"ENSG00000143344",330.199204092691,2.00479040638698,0.127051084673433,15.7794040998549,4.31240065865968e-56,1.97900571719118e-53
"ENSG00000164619",1.73324571376394,-2.05072485188609,0.630326655726979,-3.25343190432096,0.0011402004950413,0.00528694685885008
"ENSG00000154529",212.905573555643,-3.44123792670686,0.215948945163984,-15.9354236442031,3.59754301872847e-57,1.81333860978433e-54
"ENSG00000264672",11.9394504944606,2.36772276510122,0.220620593885091,10.7321022185918,7.19406455401283e-27,5.80566674126594e-25
"ENSG00000112276",25.0204040807595,2.10879504086136,0.304045202533341,6.93579449138032,4.03944464915513e-12,7.93615365032413e-11
"ENSG00000261435",8.78162146064235,2.2709390608133,0.419389345169814,5.41487066127962,6.13330239240925e-08,6.6909222793022e-07
"ENSG00000232812",0.767493242369725,2.51938810636632,0.918337950433373,2.74342153144972,0.0060802578029203,0.0227848490757332
"ENSG00000232814",0.699117806841448,2.19081425559424,0.797691972702963,2.74644139663423,0.00602456481617744,0.0226009387997813
"ENSG00000128313",0.661723031086282,2.06787997233357,0.918719385114697,2.25082871422748,0.0243963881284771,0.0738957487721688
"ENSG00000170558",21.2944914071988,-2.37903278155084,0.271862442677356,-8.75086958728704,2.11714926824077e-18,7.94822815025629e-17
"ENSG00000078081",765.579180995361,2.88786761332529,0.169771554392797,17.0103149709267,6.88665454342965e-65,5.4293324935085e-62
"ENSG00000172159",1049.14340434361,2.79308771126259,0.175872717847963,15.8813018041669,8.53876781605564e-57,4.03909990831174e-54
"ENSG00000185745",16400.8294184487,2.99594515638934,0.290051884175304,10.3289973961301,5.2102307630118e-25,3.61622946434139e-23
"ENSG00000223602",1.00821149192792,2.01373416741313,0.66941981676323,3.00817830154762,0.00262818891028649,0.0110078905359731
"ENSG00000253428",1.18948527420768,2.36372713286562,0.535863969382572,4.41105815639952,1.02866682813575e-05,7.61030292701871e-05
"ENSG00000163121",10.7855549948898,2.50346494230138,0.309098781476693,8.09923911812687,5.53039866715343e-16,1.63660411760314e-14
"ENSG00000245719",0.829960842560021,-2.43602404640594,0.868641760507117,-2.80440586345259,0.00504094054820069,0.0193790696468525
"ENSG00000211968",19.3372907323432,2.66896521774986,0.404609556383693,6.5963968859373,4.21270256059456e-11,7.24429337978752e-10
"ENSG00000242512",3.36551268523427,3.34856619971811,0.710894203019433,4.71035800474318,2.4728203443164e-06,2.05992433288258e-05
"ENSG00000166033",3.76199097949122,-2.84843458719818,0.554415402176003,-5.13772628974316,2.78082511331334e-07,2.74220749708291e-06
"ENSG00000214050",18.5748592989265,2.06090454202162,0.32774110512006,6.28820892413435,3.21149527381079e-10,4.83801299283981e-09
"ENSG00000163081",3.78689542387506,3.3391633766918,0.470975712089103,7.0898844483515,1.34224025327707e-12,2.80017653648924e-11
"ENSG00000229019",7.88449809411343,-2.81269826799327,0.41945565130582,-6.70559154284125,2.00592092201181e-11,3.58999130320705e-10
"ENSG00000260550",0.93839884637324,-2.06341535447472,0.388416674854947,-5.31237582744174,1.08205155469768e-07,1.13781939645313e-06
"ENSG00000258769",1.28803785220198,-3.36220770654304,1.45859131140732,-2.30510608437604,0.021160632823681,0.0657264347337831
"ENSG00000176771",3.94510511821118,-3.42342542129577,0.410826261167893,-8.33302479633042,7.88026492691792e-17,2.51082389334658e-15
"ENSG00000122733",5.32112216036904,-2.72449992248273,0.388905698080413,-7.00555413800955,2.46010182560397e-12,4.96330386035731e-11
"ENSG00000157368",0.747297376780325,-2.57661849773463,0.812701378681052,-3.17043697146948,0.00152209850076613,0.00680924815990922
"ENSG00000189433",1.10034998256941,2.113488081592,0.775170700869233,2.72648086314673,0.00640136644783589,0.023796737295564
"ENSG00000148735",6.18554983894711,2.0028606492475,0.275208713904256,7.27760622414118,3.39795431378054e-13,7.60385016636173e-12
"ENSG00000148734",8.01318789520277,4.3809568345946,0.464584148071164,9.42984570778669,4.10692645567257e-21,2.06670487287339e-19
"ENSG00000225684",53.8129624323401,2.3519599612506,0.171329495046931,13.7277003040623,6.92983692587251e-43,1.56670364676325e-40
"ENSG00000196104",3.92588559135841,-2.12760592385412,0.409944209485162,-5.18998896587935,2.10306542684027e-07,2.1159343154142e-06
"ENSG00000093009",82.7033991283365,2.27482792631953,0.205724718126544,11.0576305416069,2.01346318694084e-28,1.81017405289093e-26
"ENSG00000243797",487.658077594657,2.66162418541505,0.182373605427116,14.5943497644934,3.05107827714427e-48,9.47590947347018e-46
"ENSG00000268758",515.793489243772,-2.31583644003844,0.167356160428749,-13.837772294163,1.50808216860341e-43,3.53961850672129e-41
"ENSG00000276115",2.49538973033268,4.58638877783943,2.25150825525634,2.03702951882682,0.0416470839794397,0.114414125367748
"ENSG00000274583",0.762338058165548,-2.81933469593785,0.554444405236267,-5.0849727570728,3.67678840557032e-07,3.5516874994053e-06
"ENSG00000196747",43.9906020365089,2.91286646942915,1.28187030627622,2.27235661452438,0.0230649799073643,0.0705646987882949
"ENSG00000162512",20.3662798220013,2.00573820092948,0.233227530104069,8.59992042978156,7.97713870524824e-18,2.80632818959116e-16
"ENSG00000179915",47.8753268946276,-2.96698739635951,0.208433416112757,-14.2347011899208,5.58009324591712e-46,1.5183285578072e-43
"ENSG00000187475",1.91598162385681,-4.38564436943603,1.43925861256571,-3.04715520278729,0.00231018394371801,0.00983948271471086
"ENSG00000253497",1.8353323003232,2.2904932199197,0.629129209691277,3.64073577356817,0.000271860024613794,0.00146698493801339
"ENSG00000205086",1.39205991209995,-2.55962998647062,0.668855312398774,-3.82688144808298,0.000129776978019563,0.000754729098386138
"ENSG00000173369",27.2955080857762,2.16953716047562,0.254061887710536,8.53940423739381,1.34915617576975e-17,4.64529730530712e-16
"ENSG00000229722",1.29090372109865,3.21430468935098,0.72803808325606,4.41502273476602,1.00999375148453e-05,7.48289496941974e-05
"ENSG00000251644",2.51381819084331,2.09625826904377,0.476092963491034,4.40304400567612,1.06742503856227e-05,7.87053181311127e-05
"ENSG00000197467",9.21332478117199,-2.07958374507549,0.4495334775696,-4.62609315844227,3.72627746634789e-06,2.99926317428792e-05
"ENSG00000143556",0.544725735926738,2.30789210964221,0.914152718476093,2.52462423728226,0.011582205787618,NA
"ENSG00000225585",0.98056918507178,2.4609453555971,0.785831456119189,3.13164526112307,0.00173829769639802,0.00765064976684082
"ENSG00000258159",1.63705842078292,-2.57246795709273,1.02988798185572,-2.49781335680555,0.0124961967754128,0.0422591907450085
"ENSG00000164841",0.826155167615703,2.85079108306162,1.11736504140924,2.55135159720601,0.0107306012182651,0.0370670481584087
"ENSG00000182580",1.59695907941273,-2.80542360243254,0.718291962162086,-3.90568703287186,9.39580528266759e-05,0.000561502089458076
"ENSG00000277075",78.798303931972,2.01233191049737,0.887889532568598,2.26642148227138,0.0234255895325386,0.0713912777636003
"ENSG00000103154",1.29091580475239,-2.50739733379954,0.730316867578476,-3.43330059199284,0.000596280632802691,0.00297482404945389
"ENSG00000214872",146.38073348269,2.69154114183811,0.189425505777877,14.2089690128332,8.06034327339947e-46,2.17395942655451e-43
"ENSG00000215475",4.92595916269132,-2.24321657330615,0.397509287599452,-5.64318028102658,1.66937381254538e-08,1.97949234918367e-07
"ENSG00000119922",6500.88481790107,2.50813382756715,0.184135607511361,13.621123374589,2.99918543396031e-42,6.58685389556984e-40
